Call	Qso count	Bust count	Bust %	Nil count	Nil %	Caused nil count	Caused nil %	Nil + Caused nil %
W3LBY       	1	1	 100.0	0	   0.0	3	 300.0	 300.0
VA2NW       	1	0	   0.0	0	   0.0	0	   0.0	   0.0
KG6WSW      	1	0	   0.0	0	   0.0	0	   0.0	   0.0
KB0HP       	1	0	   0.0	1	 100.0	1	 100.0	 200.0
KA2YRA      	1	0	   0.0	0	   0.0	0	   0.0	   0.0
DO6AN       	1	0	   0.0	0	   0.0	0	   0.0	   0.0
AB5XM       	1	0	   0.0	0	   0.0	0	   0.0	   0.0
KX1W        	2	0	   0.0	0	   0.0	0	   0.0	   0.0
KL7P        	2	0	   0.0	2	 100.0	2	 100.0	 200.0
K1AJT       	2	0	   0.0	0	   0.0	0	   0.0	   0.0
WI2M        	3	0	   0.0	0	   0.0	0	   0.0	   0.0
N0XT        	3	0	   0.0	0	   0.0	1	  33.3	  33.3
KA1SOL      	3	0	   0.0	1	  33.3	0	   0.0	  33.3
K4MBU       	3	0	   0.0	0	   0.0	0	   0.0	   0.0
EA5XQ       	3	0	   0.0	0	   0.0	0	   0.0	   0.0
AC3LW       	3	0	   0.0	0	   0.0	0	   0.0	   0.0
NO2D        	4	0	   0.0	0	   0.0	0	   0.0	   0.0
N9PCS       	4	0	   0.0	0	   0.0	0	   0.0	   0.0
KG2U        	4	0	   0.0	0	   0.0	0	   0.0	   0.0
K0CLW       	4	0	   0.0	0	   0.0	0	   0.0	   0.0
N0KTB       	5	0	   0.0	0	   0.0	0	   0.0	   0.0
KN7Y        	5	0	   0.0	0	   0.0	0	   0.0	   0.0
AB2NM       	5	0	   0.0	0	   0.0	0	   0.0	   0.0
WT0RJ       	6	0	   0.0	0	   0.0	0	   0.0	   0.0
W6ECK       	6	0	   0.0	1	  16.7	1	  16.7	  33.3
VA3PNL      	6	1	  16.7	0	   0.0	0	   0.0	   0.0
KI6KGC      	6	0	   0.0	0	   0.0	0	   0.0	   0.0
KC5LL       	6	0	   0.0	0	   0.0	0	   0.0	   0.0
VE2GT       	7	0	   0.0	0	   0.0	0	   0.0	   0.0
SP1AEN      	7	0	   0.0	0	   0.0	0	   0.0	   0.0
NV1Y        	7	0	   0.0	1	  14.3	2	  28.6	  42.9
N7HYV       	7	0	   0.0	0	   0.0	0	   0.0	   0.0
KI4MCW      	7	0	   0.0	0	   0.0	0	   0.0	   0.0
KF8I        	7	0	   0.0	0	   0.0	0	   0.0	   0.0
KD9MGZ      	7	1	  14.3	1	  14.3	1	  14.3	  28.6
KC1YJA      	7	0	   0.0	0	   0.0	1	  14.3	  14.3
K1SOE       	7	0	   0.0	1	  14.3	0	   0.0	  14.3
AJ4HP       	7	1	  14.3	0	   0.0	0	   0.0	   0.0
AC7DD       	7	0	   0.0	0	   0.0	0	   0.0	   0.0
NR0P        	8	0	   0.0	0	   0.0	0	   0.0	   0.0
NG7X        	8	0	   0.0	0	   0.0	0	   0.0	   0.0
N9DEK       	8	0	   0.0	0	   0.0	2	  25.0	  25.0
N2LOL       	8	0	   0.0	0	   0.0	0	   0.0	   0.0
K1HG        	8	0	   0.0	1	  12.5	0	   0.0	  12.5
WB8ASI      	9	0	   0.0	0	   0.0	0	   0.0	   0.0
KK4CS       	9	0	   0.0	0	   0.0	0	   0.0	   0.0
AK0CM       	9	0	   0.0	0	   0.0	0	   0.0	   0.0
AC3MR       	9	1	  11.1	0	   0.0	7	  77.8	  77.8
W6AGZ       	10	0	   0.0	0	   0.0	0	   0.0	   0.0
W0CN        	10	0	   0.0	0	   0.0	1	  10.0	  10.0
NX4N        	10	0	   0.0	0	   0.0	0	   0.0	   0.0
N0UJJ       	10	0	   0.0	0	   0.0	0	   0.0	   0.0
K2IRM       	10	0	   0.0	0	   0.0	1	  10.0	  10.0
W4ZGR       	11	0	   0.0	1	   9.1	0	   0.0	   9.1
N5OHL       	11	2	  18.2	0	   0.0	0	   0.0	   0.0
N5JDT       	11	0	   0.0	0	   0.0	0	   0.0	   0.0
K3PA        	11	0	   0.0	0	   0.0	1	   9.1	   9.1
AI5BE       	11	0	   0.0	0	   0.0	0	   0.0	   0.0
VE9RLW      	12	0	   0.0	0	   0.0	1	   8.3	   8.3
VE2VAB      	12	0	   0.0	0	   0.0	0	   0.0	   0.0
KI5MM       	12	0	   0.0	0	   0.0	0	   0.0	   0.0
KI4AMD      	12	0	   0.0	1	   8.3	0	   0.0	   8.3
KE8ZLT      	12	2	  16.7	0	   0.0	0	   0.0	   0.0
KB2LUV      	12	0	   0.0	1	   8.3	1	   8.3	  16.7
F4EUG       	12	0	   0.0	1	   8.3	0	   0.0	   8.3
W8BZY       	13	2	  15.4	0	   0.0	0	   0.0	   0.0
W0DCN       	13	1	   7.7	0	   0.0	0	   0.0	   0.0
VE3MDX      	13	0	   0.0	0	   0.0	0	   0.0	   0.0
N7AME       	13	1	   7.7	0	   0.0	0	   0.0	   0.0
KN4ZXG      	13	0	   0.0	0	   0.0	1	   7.7	   7.7
KC2KWA      	13	0	   0.0	0	   0.0	1	   7.7	   7.7
K9ELF       	13	0	   0.0	0	   0.0	0	   0.0	   0.0
K9DU        	13	0	   0.0	0	   0.0	0	   0.0	   0.0
K1KI        	13	0	   0.0	1	   7.7	1	   7.7	  15.4
F6EPO       	13	1	   7.7	1	   7.7	1	   7.7	  15.4
N7SE        	14	0	   0.0	1	   7.1	1	   7.1	  14.3
N4QI        	14	3	  21.4	0	   0.0	0	   0.0	   0.0
N2DM        	14	0	   0.0	0	   0.0	0	   0.0	   0.0
KK4NZH      	14	0	   0.0	2	  14.3	1	   7.1	  21.4
KE4CR       	14	0	   0.0	1	   7.1	0	   0.0	   7.1
KC3KRZ      	14	0	   0.0	0	   0.0	0	   0.0	   0.0
K8ZT        	14	0	   0.0	0	   0.0	0	   0.0	   0.0
K6KQV       	14	1	   7.1	0	   0.0	1	   7.1	   7.1
W8KRZ       	15	0	   0.0	0	   0.0	0	   0.0	   0.0
W2NC        	15	0	   0.0	0	   0.0	1	   6.7	   6.7
N2OIG       	15	1	   6.7	0	   0.0	0	   0.0	   0.0
KG5JEN      	15	0	   0.0	0	   0.0	0	   0.0	   0.0
K3IE        	15	0	   0.0	0	   0.0	1	   6.7	   6.7
K0KSH       	15	1	   6.7	1	   6.7	1	   6.7	  13.3
WD8RYC      	16	0	   0.0	0	   0.0	0	   0.0	   0.0
K9CPO       	16	0	   0.0	0	   0.0	7	  43.8	  43.8
K3IS        	16	0	   0.0	0	   0.0	0	   0.0	   0.0
K5FAM       	17	0	   0.0	0	   0.0	0	   0.0	   0.0
N1XI        	18	0	   0.0	0	   0.0	0	   0.0	   0.0
N1TJC       	18	0	   0.0	0	   0.0	0	   0.0	   0.0
KF2VX       	18	0	   0.0	0	   0.0	0	   0.0	   0.0
K1THE       	18	1	   5.6	0	   0.0	0	   0.0	   0.0
AA0O        	18	0	   0.0	0	   0.0	0	   0.0	   0.0
N1WRK       	19	0	   0.0	0	   0.0	0	   0.0	   0.0
KY4GS       	19	0	   0.0	0	   0.0	0	   0.0	   0.0
K6RM        	19	0	   0.0	0	   0.0	0	   0.0	   0.0
W2MRD       	20	0	   0.0	0	   0.0	0	   0.0	   0.0
VE7SCC      	20	0	   0.0	0	   0.0	0	   0.0	   0.0
N4ZQA       	20	1	   5.0	2	  10.0	1	   5.0	  15.0
KB4DE       	20	0	   0.0	0	   0.0	0	   0.0	   0.0
KA8HDE      	20	0	   0.0	0	   0.0	0	   0.0	   0.0
WY1H        	21	0	   0.0	0	   0.0	0	   0.0	   0.0
WB4HRL      	21	0	   0.0	0	   0.0	0	   0.0	   0.0
NV4T        	21	0	   0.0	0	   0.0	0	   0.0	   0.0
KC2LM       	21	0	   0.0	1	   4.8	3	  14.3	  19.0
K8TDF       	21	0	   0.0	0	   0.0	0	   0.0	   0.0
K8GB        	21	0	   0.0	1	   4.8	0	   0.0	   4.8
K0VBU       	21	1	   4.8	11	  52.4	11	  52.4	 104.8
W2IOC       	22	1	   4.5	2	   9.1	0	   0.0	   9.1
N6GP        	22	0	   0.0	0	   0.0	0	   0.0	   0.0
N2EZY       	22	0	   0.0	0	   0.0	1	   4.5	   4.5
K5MAY       	22	0	   0.0	0	   0.0	0	   0.0	   0.0
W6UB        	23	1	   4.3	0	   0.0	0	   0.0	   0.0
N2EIM       	23	0	   0.0	0	   0.0	0	   0.0	   0.0
AE1T        	23	0	   0.0	0	   0.0	0	   0.0	   0.0
AC6ZM       	23	0	   0.0	0	   0.0	2	   8.7	   8.7
WD0BRP      	24	1	   4.2	0	   0.0	1	   4.2	   4.2
WB2FUE      	24	0	   0.0	0	   0.0	4	  16.7	  16.7
VE3JZT      	24	2	   8.3	0	   0.0	0	   0.0	   0.0
AD4GG       	24	0	   0.0	2	   8.3	2	   8.3	  16.7
XE1AY       	25	0	   0.0	0	   0.0	0	   0.0	   0.0
WA1FMM      	25	2	   8.0	2	   8.0	0	   0.0	   8.0
W0ZF        	25	0	   0.0	0	   0.0	0	   0.0	   0.0
NS4X        	25	0	   0.0	0	   0.0	0	   0.0	   0.0
K7QA        	25	0	   0.0	0	   0.0	0	   0.0	   0.0
K5YX        	25	1	   4.0	0	   0.0	0	   0.0	   0.0
K3GWK       	25	0	   0.0	1	   4.0	2	   8.0	  12.0
K0SV        	25	0	   0.0	0	   0.0	0	   0.0	   0.0
W7KAM       	26	1	   3.8	1	   3.8	1	   3.8	   7.7
W0DET       	26	2	   7.7	1	   3.8	2	   7.7	  11.5
VA6RCN      	26	0	   0.0	0	   0.0	0	   0.0	   0.0
NY9P        	26	4	  15.4	0	   0.0	0	   0.0	   0.0
KI6OY       	26	0	   0.0	1	   3.8	0	   0.0	   3.8
KC2WUF      	26	0	   0.0	0	   0.0	0	   0.0	   0.0
W2AN        	27	1	   3.7	0	   0.0	0	   0.0	   0.0
KD9GY       	27	0	   0.0	0	   0.0	0	   0.0	   0.0
K2DJF       	27	0	   0.0	0	   0.0	0	   0.0	   0.0
KN3A        	28	1	   3.6	0	   0.0	0	   0.0	   0.0
KC1QEM      	28	1	   3.6	0	   0.0	0	   0.0	   0.0
AA0AW       	28	0	   0.0	0	   0.0	0	   0.0	   0.0
WN6P        	29	0	   0.0	0	   0.0	0	   0.0	   0.0
KE2EEQ      	29	0	   0.0	2	   6.9	1	   3.4	  10.3
KC9DGP      	29	1	   3.4	1	   3.4	0	   0.0	   3.4
KC1UKO      	29	1	   3.4	0	   0.0	0	   0.0	   0.0
K2TV        	29	1	   3.4	6	  20.7	7	  24.1	  44.8
W1TO        	30	0	   0.0	0	   0.0	0	   0.0	   0.0
OH7MA       	30	0	   0.0	0	   0.0	0	   0.0	   0.0
AD4EB       	30	1	   3.3	1	   3.3	0	   0.0	   3.3
N7LRG       	31	0	   0.0	2	   6.5	2	   6.5	  12.9
KW4GF       	31	5	  16.1	3	   9.7	0	   0.0	   9.7
KY0Q        	32	2	   6.3	0	   0.0	1	   3.1	   3.1
KQ4R        	32	0	   0.0	0	   0.0	0	   0.0	   0.0
KE4EA       	33	1	   3.0	0	   0.0	0	   0.0	   0.0
KE2ELL      	33	1	   3.0	3	   9.1	0	   0.0	   9.1
N6YU        	34	3	   8.8	6	  17.6	2	   5.9	  23.5
KD2YMM      	34	2	   5.9	1	   2.9	0	   0.0	   2.9
K2IRK       	34	0	   0.0	1	   2.9	0	   0.0	   2.9
AI4DB       	34	0	   0.0	1	   2.9	0	   0.0	   2.9
AC2N        	34	2	   5.9	0	   0.0	0	   0.0	   0.0
W4VIC       	35	0	   0.0	0	   0.0	1	   2.9	   2.9
KB1RVU      	35	1	   2.9	0	   0.0	1	   2.9	   2.9
W4EE        	36	0	   0.0	1	   2.8	0	   0.0	   2.8
N6CHU       	36	2	   5.6	1	   2.8	0	   0.0	   2.8
KE3V        	36	1	   2.8	1	   2.8	0	   0.0	   2.8
KE8PX       	37	0	   0.0	0	   0.0	0	   0.0	   0.0
NS8O        	38	1	   2.6	1	   2.6	0	   0.0	   2.6
NF8M        	38	0	   0.0	0	   0.0	0	   0.0	   0.0
WW5L        	39	0	   0.0	2	   5.1	0	   0.0	   5.1
KA2MGE      	39	0	   0.0	0	   0.0	0	   0.0	   0.0
W7GF        	40	1	   2.5	1	   2.5	0	   0.0	   2.5
NN2K        	40	1	   2.5	1	   2.5	0	   0.0	   2.5
KN0V        	40	0	   0.0	0	   0.0	0	   0.0	   0.0
KC2SRZ      	40	0	   0.0	3	   7.5	2	   5.0	  12.5
K2HYD       	40	1	   2.5	0	   0.0	0	   0.0	   0.0
VE2KLW      	41	1	   2.4	4	   9.8	3	   7.3	  17.1
VA3FN       	41	1	   2.4	2	   4.9	0	   0.0	   4.9
N1CEO       	41	1	   2.4	0	   0.0	0	   0.0	   0.0
K3UA        	41	0	   0.0	0	   0.0	0	   0.0	   0.0
AI6O        	41	0	   0.0	0	   0.0	3	   7.3	   7.3
W3TB        	42	0	   0.0	1	   2.4	0	   0.0	   2.4
N8MD        	42	2	   4.8	1	   2.4	1	   2.4	   4.8
N1ADX       	42	0	   0.0	0	   0.0	1	   2.4	   2.4
W2QCY       	43	2	   4.7	3	   7.0	4	   9.3	  16.3
WA3INC      	44	0	   0.0	1	   2.3	2	   4.5	   6.8
W2KYM       	44	1	   2.3	1	   2.3	0	   0.0	   2.3
VA3KRJ      	44	1	   2.3	0	   0.0	0	   0.0	   0.0
K9JK        	44	0	   0.0	0	   0.0	0	   0.0	   0.0
AA1NK       	44	2	   4.5	1	   2.3	0	   0.0	   2.3
KD5J        	45	1	   2.2	0	   0.0	0	   0.0	   0.0
K0TC        	45	1	   2.2	0	   0.0	0	   0.0	   0.0
WQ6X        	46	1	   2.2	0	   0.0	0	   0.0	   0.0
KM4IAJ      	46	0	   0.0	1	   2.2	1	   2.2	   4.3
K2MK        	46	0	   0.0	0	   0.0	1	   2.2	   2.2
WA8OJR      	47	0	   0.0	0	   0.0	0	   0.0	   0.0
N0UR        	47	0	   0.0	0	   0.0	0	   0.0	   0.0
KF3EB       	47	0	   0.0	0	   0.0	0	   0.0	   0.0
KE2CNS      	47	0	   0.0	0	   0.0	0	   0.0	   0.0
KA8TOA      	47	3	   6.4	1	   2.1	0	   0.0	   2.1
K4BSK       	47	0	   0.0	0	   0.0	0	   0.0	   0.0
W1ARY       	48	0	   0.0	2	   4.2	0	   0.0	   4.2
KF3G        	48	1	   2.1	1	   2.1	0	   0.0	   2.1
W9SN        	49	0	   0.0	0	   0.0	0	   0.0	   0.0
N4IJ        	49	0	   0.0	1	   2.0	1	   2.0	   4.1
N1GBE       	49	2	   4.1	0	   0.0	1	   2.0	   2.0
N0AX        	49	0	   0.0	3	   6.1	0	   0.0	   6.1
K4QQG       	49	0	   0.0	1	   2.0	0	   0.0	   2.0
N4DPM       	50	0	   0.0	0	   0.0	0	   0.0	   0.0
N0OK        	50	0	   0.0	1	   2.0	1	   2.0	   4.0
K7EA        	50	0	   0.0	1	   2.0	0	   0.0	   2.0
K4FT        	50	0	   0.0	0	   0.0	1	   2.0	   2.0
K0HB        	50	0	   0.0	0	   0.0	0	   0.0	   0.0
NN2NN       	51	1	   2.0	0	   0.0	0	   0.0	   0.0
N2NKX       	51	0	   0.0	0	   0.0	0	   0.0	   0.0
KW4EE       	51	0	   0.0	0	   0.0	3	   5.9	   5.9
N4IU        	52	0	   0.0	2	   3.8	3	   5.8	   9.6
N0AT        	53	0	   0.0	0	   0.0	0	   0.0	   0.0
AC2VE       	53	1	   1.9	3	   5.7	0	   0.0	   5.7
W2VM        	54	1	   1.9	4	   7.4	1	   1.9	   9.3
W0PI        	54	1	   1.9	0	   0.0	0	   0.0	   0.0
N4EMP       	54	0	   0.0	1	   1.9	0	   0.0	   1.9
K4SBZ       	54	2	   3.7	1	   1.9	0	   0.0	   1.9
WO9B        	55	0	   0.0	0	   0.0	0	   0.0	   0.0
W4WWQ       	55	2	   3.6	2	   3.6	3	   5.5	   9.1
KB9LGS      	55	1	   1.8	0	   0.0	1	   1.8	   1.8
K4DR        	55	0	   0.0	1	   1.8	0	   0.0	   1.8
F8PDR       	55	1	   1.8	2	   3.6	0	   0.0	   3.6
VE3DQN      	56	0	   0.0	1	   1.8	0	   0.0	   1.8
K2IW        	56	2	   3.6	0	   0.0	1	   1.8	   1.8
K0PC        	56	0	   0.0	0	   0.0	0	   0.0	   0.0
W2ELS       	57	0	   0.0	2	   3.5	0	   0.0	   3.5
W0UY        	57	0	   0.0	0	   0.0	0	   0.0	   0.0
NI8W        	57	0	   0.0	0	   0.0	0	   0.0	   0.0
K5ME        	57	1	   1.8	0	   0.0	0	   0.0	   0.0
K4AMC       	57	0	   0.0	1	   1.8	1	   1.8	   3.5
WK2H        	58	1	   1.7	2	   3.4	3	   5.2	   8.6
W9ARO       	59	0	   0.0	1	   1.7	0	   0.0	   1.7
NG2P        	59	0	   0.0	0	   0.0	0	   0.0	   0.0
VE3NFN      	60	0	   0.0	0	   0.0	2	   3.3	   3.3
K4FTO       	60	3	   5.0	2	   3.3	1	   1.7	   5.0
K3TW        	60	0	   0.0	1	   1.7	0	   0.0	   1.7
N3RF        	61	0	   0.0	0	   0.0	0	   0.0	   0.0
KR3DX       	61	0	   0.0	0	   0.0	0	   0.0	   0.0
K4GSX       	61	3	   4.9	2	   3.3	9	  14.8	  18.0
K2RSK       	61	2	   3.3	1	   1.6	0	   0.0	   1.6
EA3NO       	61	0	   0.0	0	   0.0	0	   0.0	   0.0
K5TIA       	62	0	   0.0	2	   3.2	0	   0.0	   3.2
K2QY        	62	0	   0.0	2	   3.2	1	   1.6	   4.8
WA0MHJ      	63	0	   0.0	1	   1.6	0	   0.0	   1.6
W4CMG       	63	0	   0.0	0	   0.0	0	   0.0	   0.0
W2NY        	63	2	   3.2	4	   6.3	6	   9.5	  15.9
KQ3F        	63	0	   0.0	2	   3.2	0	   0.0	   3.2
KM4FO       	63	1	   1.6	1	   1.6	1	   1.6	   3.2
WB2WPM      	64	6	   9.4	4	   6.3	2	   3.1	   9.4
VE3WG       	64	2	   3.1	1	   1.6	1	   1.6	   3.1
N9MS        	64	2	   3.1	2	   3.1	0	   0.0	   3.1
N8QE        	64	1	   1.6	2	   3.1	0	   0.0	   3.1
KE2DEB      	64	0	   0.0	0	   0.0	0	   0.0	   0.0
AB1BL       	64	1	   1.6	4	   6.3	3	   4.7	  10.9
N3CKI       	65	0	   0.0	0	   0.0	1	   1.5	   1.5
KA3EEO      	65	0	   0.0	3	   4.6	0	   0.0	   4.6
K0WRY       	65	0	   0.0	1	   1.5	1	   1.5	   3.1
W7LG        	69	0	   0.0	0	   0.0	0	   0.0	   0.0
N5EP        	69	1	   1.4	0	   0.0	4	   5.8	   5.8
W1QK        	70	0	   0.0	1	   1.4	0	   0.0	   1.4
N3GTH       	70	1	   1.4	0	   0.0	0	   0.0	   0.0
N3AM        	70	0	   0.0	1	   1.4	0	   0.0	   1.4
K1VUT       	70	1	   1.4	0	   0.0	0	   0.0	   0.0
KB2URI      	71	2	   2.8	0	   0.0	0	   0.0	   0.0
NN7A        	72	1	   1.4	1	   1.4	2	   2.8	   4.2
KM8L        	72	2	   2.8	0	   0.0	0	   0.0	   0.0
KE2FLW      	72	2	   2.8	2	   2.8	1	   1.4	   4.2
K2FEO       	74	0	   0.0	2	   2.7	0	   0.0	   2.7
WA9YI       	75	2	   2.7	3	   4.0	0	   0.0	   4.0
W4TTA       	75	1	   1.3	3	   4.0	0	   0.0	   4.0
VE3HZ       	75	0	   0.0	0	   0.0	0	   0.0	   0.0
N3KN        	75	0	   0.0	0	   0.0	0	   0.0	   0.0
N2ZZ        	75	1	   1.3	1	   1.3	2	   2.7	   4.0
K2MN        	75	1	   1.3	2	   2.7	1	   1.3	   4.0
AA4TI       	75	2	   2.7	0	   0.0	0	   0.0	   0.0
WA0LIF      	76	3	   3.9	1	   1.3	0	   0.0	   1.3
WT2X        	77	2	   2.6	3	   3.9	1	   1.3	   5.2
NY2A        	78	1	   1.3	1	   1.3	4	   5.1	   6.4
K2DBK       	78	3	   3.8	0	   0.0	0	   0.0	   0.0
WB2NVR      	80	1	   1.3	0	   0.0	0	   0.0	   0.0
W2BMT       	80	0	   0.0	1	   1.3	0	   0.0	   1.3
W0UC        	80	0	   0.0	1	   1.3	2	   2.5	   3.8
N2PTF       	80	0	   0.0	0	   0.0	0	   0.0	   0.0
KE2AUS      	80	0	   0.0	0	   0.0	1	   1.3	   1.3
KC2KDD      	80	0	   0.0	1	   1.3	1	   1.3	   2.5
K4KYN       	81	3	   3.7	3	   3.7	0	   0.0	   3.7
K0UU        	81	2	   2.5	1	   1.2	1	   1.2	   2.5
VE3MV       	82	0	   0.0	0	   0.0	1	   1.2	   1.2
NE4S        	83	1	   1.2	1	   1.2	1	   1.2	   2.4
N2NRV       	83	0	   0.0	0	   0.0	2	   2.4	   2.4
KE0TT       	83	1	   1.2	0	   0.0	0	   0.0	   0.0
WB2PJH      	84	0	   0.0	1	   1.2	0	   0.0	   1.2
K4GM        	84	0	   0.0	0	   0.0	0	   0.0	   0.0
N1JP        	85	1	   1.2	2	   2.4	0	   0.0	   2.4
AI5G        	85	0	   0.0	0	   0.0	0	   0.0	   0.0
VE7ZO       	86	0	   0.0	0	   0.0	1	   1.2	   1.2
WW2J        	87	2	   2.3	3	   3.4	2	   2.3	   5.7
K0RC        	87	0	   0.0	1	   1.1	0	   0.0	   1.1
K3RJS       	88	0	   0.0	3	   3.4	2	   2.3	   5.7
KZ3P        	89	0	   0.0	0	   0.0	2	   2.2	   2.2
KE2EVX      	89	0	   0.0	4	   4.5	1	   1.1	   5.6
KB2TDT      	89	0	   0.0	1	   1.1	0	   0.0	   1.1
KN6VTC      	91	0	   0.0	0	   0.0	0	   0.0	   0.0
KA0PQW      	91	2	   2.2	3	   3.3	3	   3.3	   6.6
WB2AIV      	92	0	   0.0	0	   0.0	1	   1.1	   1.1
WA9LEY      	92	0	   0.0	0	   0.0	0	   0.0	   0.0
VE3SIF      	92	0	   0.0	0	   0.0	0	   0.0	   0.0
N3IW        	92	0	   0.0	0	   0.0	0	   0.0	   0.0
KE2CWJ      	92	2	   2.2	1	   1.1	0	   0.0	   1.1
K3TN        	92	0	   0.0	2	   2.2	0	   0.0	   2.2
KQ2R        	94	1	   1.1	0	   0.0	3	   3.2	   3.2
VE1RGO      	95	0	   0.0	2	   2.1	2	   2.1	   4.2
K2KT        	95	0	   0.0	1	   1.1	1	   1.1	   2.1
W2HMT       	96	2	   2.1	3	   3.1	0	   0.0	   3.1
KJ2LBR      	96	0	   0.0	0	   0.0	1	   1.0	   1.0
WB0CJB      	97	1	   1.0	1	   1.0	0	   0.0	   1.0
N2PEQ       	97	5	   5.2	0	   0.0	0	   0.0	   0.0
K8RGI       	98	0	   0.0	0	   0.0	0	   0.0	   0.0
W9TCV       	100	0	   0.0	0	   0.0	3	   3.0	   3.0
W9QL        	100	2	   2.0	3	   3.0	0	   0.0	   3.0
AJ4LN       	100	0	   0.0	1	   1.0	1	   1.0	   2.0
AA0FO       	100	0	   0.0	0	   0.0	0	   0.0	   0.0
N3JT        	101	0	   0.0	1	   1.0	1	   1.0	   2.0
K2OEQ       	101	1	   1.0	0	   0.0	2	   2.0	   2.0
KA2ENE      	102	0	   0.0	1	   1.0	1	   1.0	   2.0
WB2KLD      	104	1	   1.0	2	   1.9	1	   1.0	   2.9
W8NUD       	104	2	   1.9	1	   1.0	1	   1.0	   1.9
W2JCT       	104	1	   1.0	3	   2.9	2	   1.9	   4.8
N2NC        	104	0	   0.0	1	   1.0	1	   1.0	   1.9
K2IZ        	104	2	   1.9	4	   3.8	2	   1.9	   5.8
AC2FA       	105	5	   4.8	2	   1.9	1	   1.0	   2.9
W1AO        	106	1	   0.9	1	   0.9	0	   0.0	   0.9
N5RZ        	106	0	   0.0	0	   0.0	0	   0.0	   0.0
N8DNA       	108	1	   0.9	0	   0.0	0	   0.0	   0.0
KE1IH       	108	2	   1.9	2	   1.9	4	   3.7	   5.6
N9NM        	109	0	   0.0	1	   0.9	0	   0.0	   0.9
KB4CG       	110	1	   0.9	2	   1.8	0	   0.0	   1.8
NW0M        	111	0	   0.0	0	   0.0	0	   0.0	   0.0
AF5CC       	111	0	   0.0	3	   2.7	0	   0.0	   2.7
VE3IFT      	112	3	   2.7	3	   2.7	2	   1.8	   4.5
N7EPD       	113	0	   0.0	0	   0.0	0	   0.0	   0.0
KA2FIR      	115	1	   0.9	3	   2.6	2	   1.7	   4.3
KD2CTZ      	116	0	   0.0	0	   0.0	2	   1.7	   1.7
W3TKB       	117	0	   0.0	2	   1.7	0	   0.0	   1.7
W1SSN       	119	4	   3.4	2	   1.7	2	   1.7	   3.4
N7IR        	119	0	   0.0	0	   0.0	1	   0.8	   0.8
KC2BBI      	120	0	   0.0	0	   0.0	0	   0.0	   0.0
K3QP        	121	0	   0.0	2	   1.7	5	   4.1	   5.8
K2MV        	122	2	   1.6	0	   0.0	0	   0.0	   0.0
W4YE        	124	5	   4.0	1	   0.8	0	   0.0	   0.8
W2AAA       	124	0	   0.0	3	   2.4	2	   1.6	   4.0
N6MU        	125	0	   0.0	0	   0.0	1	   0.8	   0.8
K0MPH       	125	0	   0.0	0	   0.0	1	   0.8	   0.8
N3QXC       	126	0	   0.0	1	   0.8	1	   0.8	   1.6
W4LEW       	127	1	   0.8	0	   0.0	0	   0.0	   0.0
KE2AIZ      	130	2	   1.5	1	   0.8	2	   1.5	   2.3
VE3OMV      	131	0	   0.0	1	   0.8	0	   0.0	   0.8
N3KI        	131	1	   0.8	3	   2.3	1	   0.8	   3.1
AA2IL       	132	0	   0.0	0	   0.0	1	   0.8	   0.8
NJ1F        	134	5	   3.7	2	   1.5	1	   0.7	   2.2
W0ELT       	136	0	   0.0	0	   0.0	0	   0.0	   0.0
NX9B        	138	1	   0.7	2	   1.4	2	   1.4	   2.9
K1BZ        	140	2	   1.4	1	   0.7	3	   2.1	   2.9
W2QL        	141	2	   1.4	2	   1.4	2	   1.4	   2.8
AC0W        	141	0	   0.0	0	   0.0	1	   0.7	   0.7
W3US        	142	0	   0.0	0	   0.0	0	   0.0	   0.0
N3ARB       	142	1	   0.7	1	   0.7	2	   1.4	   2.1
N0LY        	142	0	   0.0	3	   2.1	0	   0.0	   2.1
K1RO        	144	0	   0.0	0	   0.0	0	   0.0	   0.0
AC2RL       	144	0	   0.0	1	   0.7	5	   3.5	   4.2
N2OA        	146	1	   0.7	2	   1.4	1	   0.7	   2.1
N2PQJ       	148	1	   0.7	1	   0.7	0	   0.0	   0.7
VE3TM       	150	0	   0.0	2	   1.3	0	   0.0	   1.3
W9DC        	151	4	   2.6	7	   4.6	2	   1.3	   6.0
N6DE        	151	0	   0.0	2	   1.3	3	   2.0	   3.3
KE2EGF      	152	2	   1.3	4	   2.6	3	   2.0	   4.6
K2EP        	152	1	   0.7	2	   1.3	0	   0.0	   1.3
N2PYH       	153	1	   0.7	5	   3.3	2	   1.3	   4.6
W0BM        	154	0	   0.0	1	   0.6	0	   0.0	   0.6
KR4AE       	156	7	   4.5	4	   2.6	1	   0.6	   3.2
KD2DLL      	159	0	   0.0	1	   0.6	2	   1.3	   1.9
K2PTC       	160	0	   0.0	3	   1.9	0	   0.0	   1.9
N2MEE       	162	0	   0.0	0	   0.0	0	   0.0	   0.0
K4BAI       	162	0	   0.0	0	   0.0	0	   0.0	   0.0
AD2MM       	162	0	   0.0	3	   1.9	1	   0.6	   2.5
WA2LMC      	163	1	   0.6	3	   1.8	3	   1.8	   3.7
W2NYW       	165	3	   1.8	3	   1.8	3	   1.8	   3.6
K9NW        	165	0	   0.0	1	   0.6	1	   0.6	   1.2
W1WV        	166	4	   2.4	2	   1.2	5	   3.0	   4.2
KD2KEH      	166	1	   0.6	1	   0.6	2	   1.2	   1.8
VE3AQ       	167	0	   0.0	5	   3.0	0	   0.0	   3.0
KN2M        	168	0	   0.0	1	   0.6	0	   0.0	   0.6
N5TJ        	171	0	   0.0	1	   0.6	0	   0.0	   0.6
WA3AFS      	173	7	   4.0	2	   1.2	1	   0.6	   1.7
N3GJ        	173	0	   0.0	1	   0.6	0	   0.0	   0.6
K0SID       	173	0	   0.0	4	   2.3	1	   0.6	   2.9
W2REA       	174	0	   0.0	2	   1.1	4	   2.3	   3.4
K2G         	178	4	   2.2	0	   0.0	6	   3.4	   3.4
K5QQ        	179	0	   0.0	2	   1.1	0	   0.0	   1.1
W1AJT       	180	0	   0.0	3	   1.7	0	   0.0	   1.7
KW9A        	180	0	   0.0	2	   1.1	0	   0.0	   1.1
K8MR        	181	1	   0.6	1	   0.6	0	   0.0	   0.6
WA8ZBT      	183	0	   0.0	1	   0.5	0	   0.0	   0.5
K0TRL       	183	5	   2.7	5	   2.7	1	   0.5	   3.3
KD2KW       	185	0	   0.0	4	   2.2	1	   0.5	   2.7
KE2X        	187	2	   1.1	3	   1.6	0	   0.0	   1.6
N1IBM       	189	0	   0.0	1	   0.5	0	   0.0	   0.5
N2TO        	190	2	   1.1	0	   0.0	1	   0.5	   0.5
W5TM        	191	0	   0.0	1	   0.5	2	   1.0	   1.6
W8PI        	192	3	   1.6	0	   0.0	0	   0.0	   0.0
AD2TM       	192	1	   0.5	0	   0.0	6	   3.1	   3.1
WA5SOG      	198	1	   0.5	1	   0.5	6	   3.0	   3.5
KG9X        	204	0	   0.0	0	   0.0	0	   0.0	   0.0
K9CW        	210	0	   0.0	1	   0.5	0	   0.0	   0.5
W2DXE       	216	7	   3.2	6	   2.8	7	   3.2	   6.0
K2YG        	217	4	   1.8	3	   1.4	1	   0.5	   1.8
W0ZQ        	218	2	   0.9	2	   0.9	0	   0.0	   0.9
WA2CHV      	219	2	   0.9	1	   0.5	5	   2.3	   2.7
W2NTV       	227	2	   0.9	5	   2.2	3	   1.3	   3.5
W2E         	236	6	   2.5	6	   2.5	3	   1.3	   3.8
N2JJ        	238	0	   0.0	0	   0.0	9	   3.8	   3.8
KY7M        	238	0	   0.0	1	   0.4	0	   0.0	   0.4
NQ2U        	239	0	   0.0	0	   0.0	9	   3.8	   3.8
WB9HFK      	242	0	   0.0	1	   0.4	0	   0.0	   0.4
W1FM        	242	1	   0.4	1	   0.4	0	   0.0	   0.4
KC2MBV      	242	1	   0.4	1	   0.4	0	   0.0	   0.4
W8HCG       	248	1	   0.4	2	   0.8	1	   0.4	   1.2
W2SO        	253	1	   0.4	8	   3.2	6	   2.4	   5.5
WO4O        	257	1	   0.4	2	   0.8	1	   0.4	   1.2
NE8P        	261	0	   0.0	4	   1.5	1	   0.4	   1.9
K9PW        	262	0	   0.0	3	   1.1	0	   0.0	   1.1
AB2FN       	262	4	   1.5	1	   0.4	2	   0.8	   1.1
N1NQD       	269	1	   0.4	0	   0.0	2	   0.7	   0.7
KV2X        	269	23	   8.6	4	   1.5	4	   1.5	   3.0
VE3YT       	278	1	   0.4	3	   1.1	1	   0.4	   1.4
KM2O        	285	4	   1.4	2	   0.7	2	   0.7	   1.4
WA2DE       	286	0	   0.0	5	   1.7	1	   0.3	   2.1
K3GHH       	291	1	   0.3	3	   1.0	1	   0.3	   1.4
W2GDJ       	301	1	   0.3	9	   3.0	1	   0.3	   3.3
WA2NYY      	303	0	   0.0	2	   0.7	2	   0.7	   1.3
N5KW        	304	1	   0.3	4	   1.3	0	   0.0	   1.3
K5CM        	304	1	   0.3	2	   0.7	2	   0.7	   1.3
AC2XC       	312	0	   0.0	3	   1.0	1	   0.3	   1.3
W2LC        	314	0	   0.0	3	   1.0	1	   0.3	   1.3
WB2SIH      	315	0	   0.0	1	   0.3	4	   1.3	   1.6
N0HJZ       	325	1	   0.3	1	   0.3	1	   0.3	   0.6
N2B         	328	4	   1.2	4	   1.2	14	   4.3	   5.5
N3KTA       	332	1	   0.3	3	   0.9	3	   0.9	   1.8
AA3R        	336	4	   1.2	36	  10.7	6	   1.8	  12.5
N2SQW       	342	1	   0.3	4	   1.2	2	   0.6	   1.8
OM2VL       	389	0	   0.0	5	   1.3	0	   0.0	   1.3
WW2P        	390	1	   0.3	3	   0.8	4	   1.0	   1.8
WA2JQK      	392	12	   3.1	11	   2.8	4	   1.0	   3.8
KE2SD       	412	2	   0.5	6	   1.5	6	   1.5	   2.9
KC2KY       	416	1	   0.2	4	   1.0	9	   2.2	   3.1
N8II        	427	3	   0.7	5	   1.2	3	   0.7	   1.9
AB3CX       	434	2	   0.5	2	   0.5	6	   1.4	   1.8
W2GR        	451	1	   0.2	4	   0.9	2	   0.4	   1.3
NN2L        	492	5	   1.0	7	   1.4	1	   0.2	   1.6
WA2GOT      	505	4	   0.8	2	   0.4	6	   1.2	   1.6
KM2L        	512	5	   1.0	3	   0.6	7	   1.4	   2.0
N2RC        	515	3	   0.6	3	   0.6	0	   0.0	   0.6
KS2G        	537	2	   0.4	4	   0.7	2	   0.4	   1.1
NQ2W        	543	1	   0.2	2	   0.4	2	   0.4	   0.7
K2AL        	564	1	   0.2	7	   1.2	6	   1.1	   2.3
W2OW        	577	10	   1.7	6	   1.0	38	   6.6	   7.6
WB2JLR      	587	5	   0.9	3	   0.5	1	   0.2	   0.7
AA2ZW       	602	13	   2.2	14	   2.3	8	   1.3	   3.7
N2GA        	605	13	   2.1	5	   0.8	7	   1.2	   2.0
K2EAG       	623	6	   1.0	1	   0.2	7	   1.1	   1.3
W2CCC       	624	3	   0.5	11	   1.8	3	   0.5	   2.2
W2IG        	626	4	   0.6	4	   0.6	1	   0.2	   0.8
N2PA        	630	10	   1.6	4	   0.6	8	   1.3	   1.9
WB2AMN      	656	6	   0.9	12	   1.8	2	   0.3	   2.1
K2XA        	675	10	   1.5	0	   0.0	8	   1.2	   1.2
K2V         	675	6	   0.9	5	   0.7	21	   3.1	   3.9
W2TZ        	679	6	   0.9	7	   1.0	9	   1.3	   2.4
WA2DNI      	695	9	   1.3	2	   0.3	2	   0.3	   0.6
KR2AA       	704	2	   0.3	3	   0.4	9	   1.3	   1.7
K2QB        	717	11	   1.5	5	   0.7	8	   1.1	   1.8
K2ZR        	721	7	   1.0	5	   0.7	4	   0.6	   1.2
AH2O        	796	3	   0.4	3	   0.4	4	   0.5	   0.9
WA2QAU      	801	9	   1.1	3	   0.4	7	   0.9	   1.2
KD2EFR      	805	2	   0.2	3	   0.4	3	   0.4	   0.7
NM2A        	810	3	   0.4	4	   0.5	8	   1.0	   1.5
W2PJ        	841	2	   0.2	1	   0.1	5	   0.6	   0.7
KO8SCA      	875	4	   0.5	4	   0.5	3	   0.3	   0.8
K2NV        	876	2	   0.2	7	   0.8	5	   0.6	   1.4
K4RUM       	877	1	   0.1	6	   0.7	6	   0.7	   1.4
N2ZX        	900	5	   0.6	6	   0.7	2	   0.2	   0.9
K2SSS       	903	5	   0.6	6	   0.7	4	   0.4	   1.1
WW2Y        	923	9	   1.0	3	   0.3	4	   0.4	   0.8
W2TB        	951	5	   0.5	7	   0.7	8	   0.8	   1.6
N2PP        	1013	3	   0.3	9	   0.9	6	   0.6	   1.5
W2M         	1032	6	   0.6	3	   0.3	9	   0.9	   1.2
K2Q         	1037	6	   0.6	11	   1.1	32	   3.1	   4.1
N2MF        	1038	9	   0.9	5	   0.5	8	   0.8	   1.3
KX2NY       	1087	13	   1.2	10	   0.9	11	   1.0	   1.9
WA2CP       	1091	2	   0.2	9	   0.8	3	   0.3	   1.1
W2FU        	1452	10	   0.7	11	   0.8	11	   0.8	   1.5
K2A         	1485	3	   0.2	0	   0.0	36	   2.4	   2.4
N2T         	1520	8	   0.5	5	   0.3	22	   1.4	   1.8
N2CU        	1596	6	   0.4	4	   0.3	26	   1.6	   1.9
N2Y         	2662	29	   1.1	4	   0.2	25	   0.9	   1.1
